Balance Beam Women,Gold,United States,China,Netherlands
Balance Beam Women,Silver,United States,China,United States
Balance Beam Women,Bronze,China,United States,United States
Floor Exercise Men,Gold,China,China,Great Britain
Floor Exercise Men,Silver,Spain,Japan,Brazil
Floor Exercise Men,Bronze,Russia,Russia,Brazil
Floor Exercise Women,Gold,Romania,United States,United States
Floor Exercise Women,Silver,United States,Romania,United States
Floor Exercise Women,Bronze,United States,Russia,Great Britain
Horizontal Bar Men,Gold,China,Netherlands,Germany
Horizontal Bar Men,Silver,United States,Germany,United States
Horizontal Bar Men,Bronze,Germany,China,Great Britain
Artistic Individual All Around Men,Gold,China,Japan,Japan
Artistic Individual All Around Men,Silver,Japan,Germany,Ukraine
Artistic Individual All Around Men,Bronze,France,United States,Great Britain
Artistic Individual All Around Women,Gold,United States,United States,United States
Artistic Individual All Around Women,Silver,United States,Russia,United States
Artistic Individual All Around Women,Bronze,China,Russia,Russia
Parallel Bars Men,Gold,China,China,Ukraine
Parallel Bars Men,Silver,South Korea,Germany,United States
Parallel Bars Men,Bronze,Uzbekistan,France,Russia
Pommel Horse Men,Gold,China,Hungary,Great Britain
Pommel Horse Men,Silver,Croatia,Great Britain,Great Britain
Pommel Horse Men,Bronze,Great Britain,Great Britain,United States
Rings Men,Gold,China,Brazil,Greece
Rings Men,Silver,China,China,Brazil
Rings Men,Bronze,Ukraine,Italy,Russia
Artistic Team Men,Gold,China,China,Japan
Artistic Team Men,Silver,Japan,Japan,Russia
Artistic Team Men,Bronze,United States,Great Britain,China
Artistic Team Women,Gold,China,United States,United States
Artistic Team Women,Silver,United States,Russia,Russia
Artistic Team Women,Bronze,Romania,Romania,China
Uneven Bars Women,Gold,China,Russia,Russia
Uneven Bars Women,Silver,United States,China,United States
Uneven Bars Women,Bronze,China,Great Britain,Germany
Vault Men,Gold,Poland,South Korea,North Korea
Vault Men,Silver,France,Russia,Russia
Vault Men,Bronze,Russia,Ukraine,Japan
Vault Women,Gold,North Korea,Romania,United States
Vault Women,Silver,Germany,United States,Russia
Vault Women,Bronze,China,Russia,Switzerland
Rhythmic Group Women,Gold,Russia,Russia,Russia
Rhythmic Group Women,Silver,China,Belarus,Spain
Rhythmic Group Women,Bronze,Belarus,Italy,Bulgaria
Rhythmic Individual All Around Women,Gold,Russia,Russia,Russia
Rhythmic Individual All Around Women,Silver,Belarus,Russia,Russia
Rhythmic Individual All Around Women,Bronze,Ukraine,Belarus,Ukraine
Trampoline Individual Men,Gold,China,China,Belarus
Trampoline Individual Men,Silver,Canada,Russia,China
Trampoline Individual Men,Bronze,China,China,China
Trampoline Individual Women,Gold,China,Canada,Canada
Trampoline Individual Women,Silver,Canada,China,Great Britain
Trampoline Individual Women,Bronze,Uzbekistan,China,China
